screen_id,cid,synonym,inchikey
GPHR-00000018,126941,Methotrexate,FBOZXECLQNJBKD-ZDUSSCGKSA-N
GPHR-00000032,9444,5-azacytidine,NMUSYJAQQFHJEW-KVTDHHQDSA-N
GPHR-00000063,5770,Reserpine,QEVHRUUCFGRFIF-MDEJGZGSSA-N
GPHR-00000089,6604009,SB 222200,MQNYRKWJSMQECI-QFIPXVFZSA-N
GPHR-00000095,13286169,(+)-N-Allylnormetazocine hydrochloride,ZTGMHFIGNYXMJV-XSCGHNKWSA-N
GPHR-00000118,9951033,A-77636 hydrochloride,BWHPNJVKFAPVOG-QYFJGNGUSA-N
GPHR-00000143,148673,Amsacrine hydrochloride,WDISRLXRMMTXEV-UHFFFAOYSA-N
GPHR-00000153,11957469,Brefeldin A from Penicillium brefeldianum,YARPKTMEHCQHGA-JPXKWFFHSA-N
GPHR-00000172,5353432,Bay 11-7085,VHKZGNPOHPFPER-ONNFQVAWSA-N
GPHR-00000201,11957482,Bromoacetyl alprenolol menthane,RTYBGDQNUBLFSW-XIJGOZNCSA-N
GPHR-00000207,119565,L-Buthionine-sulfoximine,KJQFBVYMGADDTQ-CVSPRKDYSA-N
GPHR-00000226,72311,Chelerythrine chloride,WEEFNMFMNMASJY-UHFFFAOYSA-M
GPHR-00000233,5944,Cantharidin,DHZBEENLJMYSHQ-XCVPVQRUSA-N
GPHR-00000254,644274,Calmidazolium chloride,YGEIMSMISRCBFF-UHFFFAOYSA-M
GPHR-00000272,99625,Z-L-Phe chloromethyl ketone,OYHLRJGDELITAF-INIZCTEOSA-N
GPHR-00000273,11957495,CGP-74514A hydrochloride,GDCXPZPXAWTYJM-LDXVYITESA-N
GPHR-00000286,6105572,"7-Chloro-4-hydroxy-2-phenyl-1,8-naphthyridine",JSCUNIPKMPNPFX-UHFFFAOYSA-N
GPHR-00000291,6167,Colchicine,IAKHMKGGTNLKSZ-INIZCTEOSA-N
GPHR-00000297,11957499,Calcimycin,HIYAVKIYRIFSCZ-CYEMHPAKSA-N
GPHR-00000298,2544,Cantharidic Acid,NMTNUQBORQILRK-UHFFFAOYSA-N
GPHR-00000315,10649,Dequalinium dichloride,LTNZEXKYNRNOGT-UHFFFAOYSA-N
GPHR-00000318,24360,(S)-(+)-Camptothecin,VSJKWCGYPAHWDS-FQEVSTJZSA-N
GPHR-00000330,6852401,Dihydroouabain,ZTFGOPUOTATSAL-CFVDWFIMSA-N
GPHR-00000342,2733504,Diphenyleneiodonium chloride,FCFZKAVCDNTYID-UHFFFAOYSA-M
GPHR-00000374,3136,"2,3-Dimethoxy-1,4-naphthoquinone",ZEGDFCCYTFPECB-UHFFFAOYSA-N
GPHR-00000386,114771,"3 ,4 -Dichlorobenzamil",OSHKWEFWXCCNJR-UHFFFAOYSA-N
GPHR-00000393,36462,Etoposide,VJJPUSNTGOMMGY-MRVIYFEKSA-N
GPHR-00000408,11957529,R(-)-Propylnorapomorphine hydrochloride,PCOQOGIDTIFQAM-XFULWGLBSA-N
GPHR-00000419,104920,GBR-12909 dihydrochloride,MIBSKSYCRFWIRU-UHFFFAOYSA-N
GPHR-00000423,6603822,DL-erythro-Dihydrosphingosine,OTKJDMGTUTTYMP-MSOLQXFVSA-N
GPHR-00000432,201899,Emetine dihydrochloride hydrate,IZTPMTAWOCEKKM-VXMYZLRESA-N
GPHR-00000447,16078948,AC-93253 iodide,TWBRXRGFFUATNI-UHFFFAOYSA-M
GPHR-00000454,72241,rac-2-Ethoxy-3-octadecanamido-1-propylphosphocholine,QUVZKDZYEOYGKV-UHFFFAOYSA-N
GPHR-00000464,4362,N-Ethylmaleimide,HDFGOPSGAURCEO-UHFFFAOYSA-N
GPHR-00000486,3396,Fluspirilene,QOYHHIBFXOOADH-UHFFFAOYSA-N
GPHR-00000493,172306,Fiduxosin hydrochloride,OFPMGRPQOZABPO-GZJHNZOKSA-N
GPHR-00000499,3213,Ellipticine,CTSPAMFJBXKSOY-UHFFFAOYSA-N
GPHR-00000517,361655,rac-2-Ethoxy-3-hexadecanamido-1-propylphosphocholine,USUMXADKOISKIL-UHFFFAOYSA-N
GPHR-00000520,67356,Fluphenazine dihydrochloride,MBHNWCYEGXQEIT-UHFFFAOYSA-N
GPHR-00000540,785,Hydroquinone,QIGBRXMKCJKVMJ-UHFFFAOYSA-N
GPHR-00000543,11957558,(?)-AMPA hydrobromide,KUAHVIUZGLGASU-UHFFFAOYSA-N
GPHR-00000561,42890,Idarubicin,XDXDZDZNSLXDNA-TZNDIEGXSA-N
GPHR-00000562,1245,(?)-Vanillylmandelic acid,CGQCWMIAEPEHNQ-UHFFFAOYSA-N
GPHR-00000579,443390,SB 228357,RRJLJKRFFRZRAF-UHFFFAOYSA-N
GPHR-00000587,262093,NSC 95397,MAASHDQFQDDECQ-UHFFFAOYSA-N
GPHR-00000613,22084904,NNC 55-0396,BCCQNBXHUMKLFW-HNQRYHMESA-N
GPHR-00000635,10314472,Indatraline hydrochloride,QICQDZXGZOVTEF-MELYUZJYSA-N
GPHR-00000667,3885,beta-Lapachone,QZPQTZZNNJUOLS-UHFFFAOYSA-N
GPHR-00000680,4122,Nocodazole,KYRVNWMVYQXFEU-UHFFFAOYSA-N
GPHR-00000684,66414,2-methoxyestradiol,CQOQDQWUFQDJMK-SSTWWWIQSA-N
GPHR-00000696,64715,Mevastatin,AJLFOPYRIVGYMJ-INTXDZFKSA-N
GPHR-00000705,6433339,MG 624,RDTKUZXIHMTSJO-UEIGIMKUSA-M
GPHR-00000712,448949,BIO,SAQUSDSPQYQNBG-UHFFFAOYSA-N
GPHR-00000717,4212,Mitoxantrone,KKZJGLLVHKMTCM-UHFFFAOYSA-N
GPHR-00000727,11497466,GR 127935 hydrochloride,SRVVUYIJVBLEJI-UHFFFAOYSA-N
GPHR-00000746,71478,Maprotiline hydrochloride,NZDMFGKECODQRY-UHFFFAOYSA-N
GPHR-00000795,4477,Niclosamide,RJMUSRYZPJIFPJ-UHFFFAOYSA-N
GPHR-00000849,10607,Podophyllotoxin,YJGVMLPVUAXIQN-XVVDYKMHSA-N
GPHR-00000857,4740,Pentoxifylline,BYPFEZZEUUWMEJ-UHFFFAOYSA-N
GPHR-00000864,439501,Ouabain,LPMXVESGRSUGHW-HBYQJFLCSA-N
GPHR-00000866,7251185,Parthenolide,KTEXNACQROZXEV-PVLRGYAZSA-N
GPHR-00000887,6239,Quinacrine dihydrochloride,UDKVBVICMUEIKS-UHFFFAOYSA-N
GPHR-00000889,4971,Protoporphyrin IX disodium,ZCFFYALKHPIRKJ-UHFFFAOYSA-N
GPHR-00000890,6603149,Protriptyline hydrochloride,OGQDIIKRQRZXJH-UHFFFAOYSA-N
GPHR-00000928,5288600,IC 261,JBJYTZXCZDNOJW-JLHYYAGUSA-N
GPHR-00000954,5280335,Sphingosine,WWUZIQQURGPMPG-KRWOKUGFSA-N
GPHR-00000957,5281847,Rottlerin,DEZFNHCVIZBHBI-ZHACJKMWSA-N
GPHR-00000982,11957689,SCH-202676 hydrobromide,YJYGOWVFDGULLL-UHFFFAOYSA-N
GPHR-00001009,68635,Sanguinarine chloride,GIZKAXHWLRYMLE-UHFFFAOYSA-M
GPHR-00001013,6758,Rotenone,JUVIOZPCNVVQFO-HBGVWJBISA-N
GPHR-00001057,5218788,SIB 1757,LOCPVWIREQIGNQ-UHFFFAOYSA-N
GPHR-00001060,3117,Tetraethylthiuram disulfide,AUZONCFQVSMFAP-UHFFFAOYSA-N
GPHR-00001066,327653,Pifithrin-mu,ZZUZYEMRHCMVTB-UHFFFAOYSA-N
GPHR-00001095,36314,Taxol,RCINICONZNJXQF-MZXODVADSA-N
GPHR-00001104,5405,Terfenadine,GUGOEEXESWIERI-UHFFFAOYSA-N
GPHR-00001109,6917841,YS-035 hydrochloride,GYBONEHHSUABAO-UHFFFAOYSA-N
GPHR-00001122,104794,U-73122,LUFAORPFSVMJIW-ZRJUGLEFSA-N
GPHR-00001137,66062,Thioridazine hydrochloride,NZFNXWQNBYZDAQ-UHFFFAOYSA-N
GPHR-00001139,5614,Tyrphostin A9,MZOPWQKISXCCTP-UHFFFAOYSA-N
GPHR-00001146,446378,Thapsigargin,IXFPJGBNCFXKPI-FSIHEZPISA-N
GPHR-00001214,5288227,Maleate,VZCYOOQTPOCHFL-UPHRSURJSA-L
GPHR-00001241,1117,Sulfate,QAOWNCQODCNURD-UHFFFAOYSA-L
GPHR-00001244,1117,Sulfate,QAOWNCQODCNURD-UHFFFAOYSA-L
GPHR-00101243,31239,CETYLPYRIDINIUM CHLORIDE,YMKDRGPMQRFJGP-UHFFFAOYSA-M
GPHR-00101246,9552079,CHLORHEXIDINE,GHXZTYHSJHQHIJ-UHFFFAOYSA-N
GPHR-00101280,441207,DIGITOXIN,WDJUZGPOPHTGOT-XUDUSOBPSA-N
GPHR-00101281,2724385,DIGOXIN,LTMHDMANZUZIPE-PUGKRICDSA-N
GPHR-00101286,3005837,PYRITHIONE ZINC,PICXIOQBANWBIZ-UHFFFAOYSA-N
GPHR-00101290,10219,EMETINE,AUVVAXYIELKVAI-CKBKHPSWSA-N
GPHR-00101314,11057,GENTIAN VIOLET,ZXJXZNDDNMQXFV-UHFFFAOYSA-M
GPHR-00101392,4641,OXYPHENBUTAZONE,HFHZKZSRXITVMK-UHFFFAOYSA-N
GPHR-00101401,16130140,GRAMICIDIN,ZWCXYZRRTRDGQE-SORVKSEFSA-N
GPHR-00101421,3334,FENBENDAZOLE,HDDSHPAODJUKPD-UHFFFAOYSA-N
GPHR-00101427,4030,MEBENDAZOLE,OPXLLQIJSORQAM-UHFFFAOYSA-N
GPHR-00101439,5354,SULOCTIDIL,BFCDFTHTSVTWOG-UHFFFAOYSA-N
GPHR-00101469,6197,CYCLOHEXIMIDE,YPHMISFOHDHNIV-FSZOTQKASA-N
GPHR-00101482,5790,FLOXURIDINE,ODKNJVUHOIMIIZ-RRKCRQDMSA-N
GPHR-00101575,2082,ALBENDAZOLE,HXHWSAZORRCQMX-UHFFFAOYSA-N
GPHR-00101582,5746,MITOMYCIN C,NWIBSHFKIJFRCO-WUDYKRTCSA-N
GPHR-00101583,457193,DACTINOMYCIN,RJURFGZVJUQBHK-IIXSONLDSA-N
GPHR-00101587,2723601,THIOGUANINE,WYWHKKSPHMUBEB-UHFFFAOYSA-N
GPHR-00101609,2722,CHLOROXINE,WDFKMLRRRCGAKS-UHFFFAOYSA-N
GPHR-00101638,5284439,PERHEXILINE MALEATE,JDZOTSLZMQDFLG-BTJKTKAUSA-N
GPHR-00101641,4622,OXIBENDAZOLE,RAOCRURYZCVHMG-UHFFFAOYSA-N
GPHR-00101658,2662,CELECOXIB,RZEKVGVHFLEQIL-UHFFFAOYSA-N
GPHR-00101662,439501,OUABAIN,LPMXVESGRSUGHW-HBYQJFLCSA-N
GPHR-00101663,656743,"1S,9R-HYDRASTINE",JZUTXVTYJDCMDU-RBUKOAKNSA-N
GPHR-00101670,2122,ALTHIAZIDE,VGLGVJVUHYTIIU-UHFFFAOYSA-N
GPHR-00101698,16684434,THIMEROSAL,RTKIYNMVFMVABJ-UHFFFAOYSA-L
GPHR-00101708,452550,TYROTHRICIN,NLJVXZFCYKWXLH-DXTIXLATSA-N
GPHR-00101730,54454,SIMVASTATIN,RYMZZMVNJRMUDD-HGQWONQESA-N
GPHR-00101752,3014024,BENZALKONIUM CHLORIDE,XIWFQDBQMCDYJT-UHFFFAOYSA-M
GPHR-00101754,6842,ACRIFLAVINIUM HYDROCHLORIDE,KKAJSJJFBSOMGS-UHFFFAOYSA-N
GPHR-00101762,16682730,PHENYLMERCURIC ACETATE,XEBWQGVWTUSTLN-UHFFFAOYSA-M
GPHR-00101776,14710,HOMIDIUM BROMIDE,ZMMJGEGLRURXTF-UHFFFAOYSA-N
GPHR-00101785,23682228,"SALINOMYCIN, SODIUM",YPZYGIQXBGHDBH-WKWCOTLASA-M
GPHR-00101790,5281855,ELLAGIC ACID,AFSDNFLWKVMVRB-UHFFFAOYSA-N
GPHR-00101798,5974,CETRIMONIUM BROMIDE,LZZYPRNAOMGNLH-UHFFFAOYSA-M
GPHR-00101816,11358077,ARTENIMOL,BJDCWCLMFKKGEE-KDTBHNEXSA-N
GPHR-00101857,122797,4'-DEMETHYLEPIPODOPHYLLOTOXIN,YVCVYCSAAZQOJI-JHQYFNNDSA-N
GPHR-00101909,4931,PROPACHLOR,MFOUDYKPLGXPGO-UHFFFAOYSA-N
GPHR-00101927,253602,ANISOMYCIN,YKJYKKNCCRKFSL-RDBSUJKOSA-N
GPHR-00101968,4696,PATULIN,ZRWPUFFVAOMMNM-UHFFFAOYSA-N
GPHR-00101980,73620,CRINAMINE,YGPRSGKVLATIHT-SPOWBLRKSA-N
GPHR-00101985,15910,TETRACHLOROISOPHTHALONITRILE,CRQQGFGUEAVUIL-UHFFFAOYSA-N
GPHR-00101994,5355441,CRASSIN ACETATE,WMGWWFHPPNGBBT-KDEUEPBXSA-N
GPHR-00102018,441852,CONVALLATOXIN,HULMNSIAKWANQO-JQKSAQOKSA-N
GPHR-00102020,11541511,OLEANDRIN,JLPDBLFIVFSOCC-XYXFTTADSA-N
GPHR-00102031,65411,TRIPTONIDE,SWOVVKGLGOOUKI-ZHGGVEMFSA-N
GPHR-00102033,122724,CELASTROL,KQJSQWZMSAGSHN-JJWQIEBTSA-N
GPHR-00102035,9852185,GAMBOGIC ACID,GEZHEQNLKAOMCA-RRZNCOCZSA-N
GPHR-00102039,64715,COMPACTIN,AJLFOPYRIVGYMJ-INTXDZFKSA-N
GPHR-00102049,196990,PYRROMYCIN,ZJBMQVPEJHVSQA-OCYVVMCSSA-N
GPHR-00102054,441867,NERIIFOLIN,VPUNMTHWNSJUOG-BAOINKAISA-N
GPHR-00102060,72435,PICROPODOPHYLLOTOXIN,YJGVMLPVUAXIQN-HAEOHBJNSA-N
GPHR-00102061,5701988,AKLAVINE HYDROCHLORIDE,KTSRCTOUNGGQEI-RHYYRQJGSA-N
GPHR-00102076,68262,"2,6-DIMETHOXYQUINONE",OLBNOBQOQZRLMP-UHFFFAOYSA-N
GPHR-00102078,92122,beta-PELTATIN,HLBPOYVRLSXWJJ-PDSMFRHLSA-N
GPHR-00102090,6185,STROPHANTHIDIN,ODJLBQGVINUMMR-HZXDTFASSA-N
GPHR-00102122,91540,GITOXIN,LKRDZKPBAOKJBT-CNPIRKNPSA-N
GPHR-00102132,159516,PRISTIMERIN,JFACETXYABVHFD-WXPPGMDDSA-N
GPHR-00102139,56951189,GAMBOGIC ACID AMIDE,NFVXKLYWFCNBCO-RRZNCOCZSA-N
GPHR-00102143,969516,CURCUMIN,VFLDPWHFBUODDF-FCXRPNKRSA-N
GPHR-00102212,6708551,GITOXIGENIN DIACETATE,ANNNOIZFDGPVNC-HTXXBGPISA-N
GPHR-00102223,233299,PICROPODOPHYLLOTOXIN ACETATE,SASVNKPCTLROPQ-RGXPITOMSA-N
GPHR-00102228,6857793,DIHYDROGAMBOGIC ACID,VZXLWEWYBUGLJA-XKZIYDEJSA-N
GPHR-00102250,6857789,ACETYL ISOGAMBOGIC ACID,REDMIYQFNIRTDF-AKZXAPPFSA-N
GPHR-00102266,6708755,"DEOXYSAPPANONE B 7,3'-DIMETHYL ETHER ACETATE",BXJAMTIXSSLKAH-UHFFFAOYSA-N
GPHR-00102272,24861846,PRISTIMEROL,GAPWCQHXCIXKLV-WXPPGMDDSA-N
GPHR-00102280,5194698,STROPHANTHIDINIC ACID LACTONE ACETATE,RPIVIODUUUOQDD-UHFFFAOYSA-N
GPHR-00102291,6708625,"7-DESACETOXY-6,7-DEHYDROGEDUNIN",ZXHLDNILIVGKPC-DLYRPXDVSA-N
GPHR-00102310,441853,CYMARIN,XQCGNURMLWFQJR-ZNDDOCHDSA-N
GPHR-00102316,10411574,DIHYDROCELASTROL,WZAUFGYINZYCKH-JJWQIEBTSA-N
GPHR-00102353,23682224,"GINKGETIN, K salt",LFJNJRGWCDXJOG-UHFFFAOYSA-M
GPHR-00102369,92766,CORYNANTHINE,BLGXFZZNTVWLAY-DKJBZYCGSA-N
GPHR-00102376,4026888,"DEOXYSAPPANONE B 7,4'-DIMETHYL ETHER",NGCXNVIQHUCZIT-UHFFFAOYSA-N
GPHR-00102393,119039,EUPARIN,OPUFDNZTKHPZHM-UHFFFAOYSA-N
GPHR-00102418,5946498,SAPPANONE A DIMETHYL ETHER,VCNDHJFYRZQMHX-KPKJPENVSA-N
GPHR-00102456,99980,ANTHOTHECOL,AJTULIWKBMDPCJ-UHFFFAOYSA-N
GPHR-00102471,21596358,CEDRELONE,OQMUOVSEPOBWMK-BWLMZZBKSA-N
GPHR-00102483,164791,PODOPHYLLOTOXIN ACETATE,SASVNKPCTLROPQ-NZYDNVMFSA-N
GPHR-00102512,6022229,"2',beta-DIHYDROXYCHALCONE",AOJIJXJCNKMEET-UVTDQMKNSA-N
GPHR-00102546,6857785,DIMETHYL GAMBOGATE,LFSCNWNADRUBLS-IWIPYMOSSA-N
GPHR-00102559,5944,CANTHARIDIN,DHZBEENLJMYSHQ-XCVPVQRUSA-N
GPHR-00102562,102678,ALEXIDINE HYDROCHLORIDE,BRJJFBHTDVWTCJ-UHFFFAOYSA-N
GPHR-00102565,6857791,SAPPANONE A TRIMETHYL ETHER,YKRAQIAZPKGEIC-JYRVWZFOSA-N
GPHR-00102587,234105,COLCHICEINE,PRGILOMAMBLWNG-HNNXBMFYSA-N
GPHR-00102640,6437,SARMENTOGENIN,FLMSQRUGSHIKCT-DDZQJACLSA-N
GPHR-00102643,6857761,SAPPANONE A 7-METHYL ETHER,PJPVPNNIOZGDFS-WDZFZDKYSA-N
GPHR-00102684,7019,AMINACRINE,XJGFWWJLMVZSIG-UHFFFAOYSA-N
GPHR-00102722,6604165,Sodium nitroprusside dihydrate,XEYBHCRIKKKOSS-UHFFFAOYSA-N
GPHR-00103413,5702238,Prestw-705,QWZLBLDNRUUYQI-UHFFFAOYSA-M
GPHR-00103429,135403646,Prestw-1,LPXQRXLUHJKZIE-UHFFFAOYSA-N
GPHR-00103462,24360,Prestw-200,VSJKWCGYPAHWDS-FQEVSTJZSA-N
GPHR-00103508,443939,SAM001246768,MWWSFMDVAYGXBV-RUELKSSGSA-N
GPHR-00103522,36462,SAM001246880,VJJPUSNTGOMMGY-MRVIYFEKSA-N
GPHR-00103722,62770,Daunorubicin hydrochloride,GUGHGUXZJWAIAS-QQYBVWGSSA-N
GPHR-00103927,2788,Prestw-886,QCDFBFJGMNKBDO-UHFFFAOYSA-N
GPHR-00104024,65057,SAM001247027,HCIBTBXNLVOFER-UHFFFAOYSA-N
GPHR-00104046,54360,SAM001246645,YEJAJYAHJQIWNU-UHFFFAOYSA-N
GPHR-00104059,117072358,SAM001246689,ZDZOTLJHXYCWBA-DVXMDQHYSA-N
GPHR-00104069,65664,SAM001246628,FIHJKUPKCHIPAT-NKHDUEHSSA-N
GPHR-00104078,35802,SAM001246685,CPEUVMUXAHMANV-UHFFFAOYSA-N
GPHR-00104083,4499,SAM001246719,VKQFCGNPDRICFG-UHFFFAOYSA-N
GPHR-00104109,60699,SAM001246651,DGHHQBMTXTWTJV-BQAIUKQQSA-N
GPHR-00104121,65348,SAM001246559,MWWSFMDVAYGXBV-FGBSZODSSA-N
GPHR-00104125,23663992,SAM001246554,GPUADMRJQVPIAS-QCVDVZFFSA-M
GPHR-00104128,107985,SAM001246553,DFBIRQPKNDILPW-CIVMWXNOSA-N
GPHR-00104160,23581803,SAM001246780,UUHYRRXICWUZHW-XURJAURASA-N
GPHR-00104226,20279,SAM001246526,PTOAARAWEBMLNO-KVQBGUIXSA-N
GPHR-00104236,457193,SAM001246846,RJURFGZVJUQBHK-IIXSONLDSA-N
GPHR-00104243,46227489,SAM001246803,VSQHXQMFUCHGBD-NRFPMOEYSA-M
GPHR-00104244,285033,SAM001246822,HYFHYPWGAURHIV-JFIAXGOJSA-N
GPHR-00104245,43116,SAM001246568,COFJBSXICYYSKG-FJFFLIEUSA-N
GPHR-00104246,5388992,SAM001246570,AQTQHPDCURKLKT-PNYVAJAMSA-N
GPHR-00104259,64715,SAM001246644,AJLFOPYRIVGYMJ-INTXDZFKSA-N
GPHR-00104272,10126593,SAM001247103,JORSCLBFSAAOFR-UHFFFAOYSA-N
GPHR-00104288,135413539,TEGASEROD MALEATE,CPDDZSSEAVLMRY-FEQFWAPWSA-N
GPHR-00104695,5944,Cantharidin,DHZBEENLJMYSHQ-XCVPVQRUSA-N
GPHR-00112536,15789,ETHACRIDINE LACTATE,IYLLULUTZPKQBW-UHFFFAOYSA-N
GPHR-00137403,462385,ANISOMYCIN - HCL,GLVJGDLQHBCCEP-SOIKFHLCSA-N
GPHR-00137425,6758,CUBE,JUVIOZPCNVVQFO-HBGVWJBISA-N
GPHR-00137440,53232,Lovastatin,PCZOHLXUXFIOCF-BXMDZJJMSA-N
GPHR-00137550,10607,PODOFILOX,YJGVMLPVUAXIQN-XVVDYKMHSA-N
GPHR-00191204,452548,TENIPOSIDE,NRUKOCRGYNPUPR-QBPJDGROSA-N
GPHR-00191827,54680693,Pyrvinium pamoate,OOPDAHSJBRZRPH-UHFFFAOYSA-L
GPHR-00191870,2603,CCCP,UGTJLJZQQFGTJD-UHFFFAOYSA-N
GPHR-00191871,3330,FCCP,BMZRVOVNUMQTIN-UHFFFAOYSA-N
GPHR-00191874,5614,Malonoben,MZOPWQKISXCCTP-UHFFFAOYSA-N
GPHR-00191889,114745,Metaphit,FGSGBQAQSPSRJK-UHFFFAOYSA-N
GPHR-00191892,5353609,"Methyl 2,5-dihydroxycinnamate",BQCNSTFWSKOWMA-GORDUTHDSA-N
GPHR-00191896,7251185,Parthenolide,KTEXNACQROZXEV-PVLRGYAZSA-N
GPHR-00191915,54792409,Tetrindole mesylate,CWPNPYVNPOAMHY-UHFFFAOYSA-N
GPHR-00191972,9824953,RS 17053 hydrochloride,QFOPFGRPNPCPBX-UHFFFAOYSA-N
GPHR-00191992,6604176,"WIN 55,212-2 mesylate",FSGCSTPOPBJYSX-VEIFNGETSA-N
GPHR-00191996,1370,1-BCP,BXBNADAPIHHXJQ-UHFFFAOYSA-N
GPHR-00192002,439501,Ouabain,LPMXVESGRSUGHW-HBYQJFLCSA-N
GPHR-00192020,16219720,(S)-(+)-Niguldipine hydrochloride,MHOSUIMBPQVOEU-WAQYZQTGSA-N
GPHR-00192026,104955,SKF 96365 hydrochloride,FWLPKVQUECFKSW-UHFFFAOYSA-N
GPHR-00192032,393595,MRS 1220,TWWFAXQOKNBUCR-UHFFFAOYSA-N
GPHR-00192037,36462,Etoposide,VJJPUSNTGOMMGY-MRVIYFEKSA-N
GPHR-00192038,5287620,Brefeldin A,KQNZDYYTLMIZCT-KQPMLPITSA-N
GPHR-00192039,5458428,Cytochalasin D,SDZRWUKZFQQKKV-JHADDHBZSA-N
GPHR-00192041,10392025,SB 216641 hydrochloride,JPBMDMNORXKGHZ-UHFFFAOYSA-N
GPHR-00192049,241902,Vinblastine sulfate,KDQAABAKXDWYSZ-JKDPCDLQSA-N
GPHR-00192050,249332,Vincristine sulfate,AQTQHPDCURKLKT-JKDPCDLQSA-N
GPHR-00192060,16062593,"(S)-3,4-DCPG",IJVMOGKBEVRBPP-ZETCQYMHSA-N
GPHR-00192091,285033,Homoharringtonine,HYFHYPWGAURHIV-JFIAXGOJSA-N
GPHR-00192107,5354004,TMS,JDBCWSHYEQUBLW-AATRIKPKSA-N
GPHR-00192112,64715,Mevastatin,AJLFOPYRIVGYMJ-INTXDZFKSA-N
GPHR-00192117,262093,NSC 95397,MAASHDQFQDDECQ-UHFFFAOYSA-N
GPHR-00192118,5944,Cantharidin,DHZBEENLJMYSHQ-XCVPVQRUSA-N
GPHR-00192119,135411,CD 437,LDGIHZJOIQSHPB-UHFFFAOYSA-N
GPHR-00192127,4259181,SCH 79797,AVXQPEKZIGPIJW-UHFFFAOYSA-N
GPHR-00192135,195609,Y-29794,HAGHKJDWBDSFKC-UHFFFAOYSA-N
GPHR-00192138,5282106,OLDA,QQBPLXNESPTPNU-KTKRTIGZSA-N
GPHR-00192139,3921152,D-64131,ICMIJSRDISNKOC-UHFFFAOYSA-N
GPHR-00192154,5353432,Bay 11-7085,VHKZGNPOHPFPER-ONNFQVAWSA-N
GPHR-00192155,5353431,Bay 11-7821,DOEWDSDBFRHVAP-KRXBUXKQSA-N
GPHR-00192157,462382,MG 132,TZYWCYJVHRLUCT-VABKMULXSA-N
GPHR-00192165,3906779,Ro 106-9920,JFSXSNSCPNFCDM-UHFFFAOYSA-N
GPHR-00192171,66414,2-Methoxyestradiol,CQOQDQWUFQDJMK-SSTWWWIQSA-N
GPHR-00192174,3013166,Demethylasterriquinone B1,XMGNJVXBPZAETK-UHFFFAOYSA-N
GPHR-00192186,379077,NSC 663284,BMKPVDQDJQWBPD-UHFFFAOYSA-N
GPHR-00192200,54454,Simvastatin,RYMZZMVNJRMUDD-HGQWONQESA-N
GPHR-00192216,5083,Ro 31-8220,DSXXEELGXBCYNQ-UHFFFAOYSA-N
GPHR-00192227,10410894,LE 135,YZZAIQOVMHVWBS-UHFFFAOYSA-N
GPHR-00192230,45006154,CI 898 trihydrochloride,ZNJRHEVYOYMEHR-UHFFFAOYSA-N
GPHR-00192242,62034,Leelamine,JVVXZOOGOGPDRZ-SLFFLAALSA-N
GPHR-00192250,2729026,Bax channel blocker,HWFKCAFKXZFOQT-UHFFFAOYSA-N
GPHR-00192256,6604934,BVT 948,LLPBUXODFQZPFH-UHFFFAOYSA-N
GPHR-00192259,11382492,CMPD1,ODYAQBDIXCVKAE-UHFFFAOYSA-N
GPHR-00192261,76044,S-Trityl-L-cysteine,DLMYFMLKORXJPO-FQEVSTJZSA-N
GPHR-00192268,9849276,CGP 71683 hydrochloride,DIQDKUNCSVFGHH-UHFFFAOYSA-N
GPHR-00192285,22084904,NNC 55-0396,BCCQNBXHUMKLFW-HNQRYHMESA-N
GPHR-00192339,5186,Scriptaid,JTDYUFSDZATMKU-UHFFFAOYSA-N
GPHR-00192341,9893924,NNC 26-9100,UREJDUPKGMFJRU-UHFFFAOYSA-N
GPHR-00192347,11507802,LY 2183240,GZNIYOXWFCDBBJ-UHFFFAOYSA-N
GPHR-00192350,9914412,ZM 447439,OGNYUTNQZVRGMN-UHFFFAOYSA-N
GPHR-00192357,9799508,ER 27319,IIELZHYJYZBSGG-UHFFFAOYSA-N
GPHR-00192364,5311339,JTC 801,NQLIYKXNAXKMBL-UHFFFAOYSA-N
GPHR-00192383,19103,NSC 3852,RZWRYPGAUIOOMK-UHFFFAOYSA-N
GPHR-00192387,9549298,IKK 16,BWZJBXAPRCVCKQ-UHFFFAOYSA-N
GPHR-00192405,481747,Ryuvidine,HFPLHASLIOXVGS-UHFFFAOYSA-N
GPHR-00192406,5081913,IMD 0354,CHILCFMQWMQVAL-UHFFFAOYSA-N
GPHR-00192408,11292680,ARP 101,DGZZVIWCMGVHGV-LJQANCHMSA-N
GPHR-00192415,9830392,WAY 170523,FARMEEAGJWMFSZ-UHFFFAOYSA-N
GPHR-00192418,11201705,Ivachtin,MWXJJTMEUGWKKY-UHFFFAOYSA-N
GPHR-00192420,6605258,CGK 733,HLCDNLNLQNYZTK-UHFFFAOYSA-N
GPHR-00192424,5351362,NSC 632839,ZOKZLTXPTLIWOJ-BYCVLTJGSA-N
GPHR-00192442,104842,SN 38,FJHBVJOVLFPMQE-QFIPXVFZSA-N
GPHR-00192444,10461815,PHA 665752,OYONTEXKYJZFHA-SSHUPFPWSA-N
GPHR-00192445,4369491,PD 407824,IAUZTOZLTFSMIE-UHFFFAOYSA-N
GPHR-00192451,3854666,SB 225002,MQBZVUNNWUIPMK-UHFFFAOYSA-N
GPHR-00192453,135400439,KF 38789,NHFIAAAMCYVRIW-UHFFFAOYSA-N
GPHR-00192474,124081000,BNTX maleate,GKHUUKGUNNYVGB-RAJBGOKPSA-N
GPHR-00192487,129426,SR 33805,OGLMUIRZIMTHMN-UHFFFAOYSA-N
GPHR-00192508,16129666,THIOSTREPTON,NSFFHOGKXHRQEW-DVRIZHICSA-N
GPHR-00192541,10205,PLUMBAGIN,VCMMXZQDRFWYSE-UHFFFAOYSA-N
GPHR-00192544,3000706,VALINOMYCIN,FCFNRCROJUBPLU-DNDCDFAISA-N
GPHR-00192565,4407,"2,3-DICHLORO-5,8-DIHYDROXYNAPTHOQUINONE",KFAVXUQFBGHURZ-UHFFFAOYSA-N
GPHR-00192574,637858,PIPLARTINE,VABYUUZNAVQNPG-BQYQJAHWSA-N
GPHR-00192614,6857765,ACETYL ISOALLOGAMBOGIC ACID,RIFZOYVQOFHOCS-AKZXAPPFSA-N
GPHR-00192618,10575,EMICYMARIN,MABTYQWWFMMYTE-WQRGQTCUSA-N
GPHR-00192622,5458383,CYTOCHALASIN A,ZMAODHOXRBLOQO-TZVKRXPSSA-N
GPHR-00192634,241902,VINBLASTINE SULFATE,KDQAABAKXDWYSZ-JKDPCDLQSA-N
GPHR-00192653,54680693,PYRVINIUM PAMOATE,OOPDAHSJBRZRPH-UHFFFAOYSA-L
GPHR-00192656,5702227,PARAROSANILINE PAMOATE,OILMTGAXBCPFHL-UHFFFAOYSA-N
GPHR-00193407,9826308,"5-(5,6-Dimethoxy-1H-benzimidazol-1-yl)-3-[[2-(trifluoromethyl)phenyl]methoxy]-2-thiophenecarboxamide",JSKUWFIZUALZLX-UHFFFAOYSA-N
GPHR-00193413,49761481,"6-[4-[2-(1-Piperidinyl)ethoxy]phenyl]-3-(4-pyridinyl)-pyrazolo[1,5-a]pyrimidine dihydrochloride",RJDVIJJQKMGPMV-UHFFFAOYSA-N
GPHR-00193419,2747117,"4-(2,3-Dihydro-1,4-benzodioxin-6-yl)-2,4-dihydro-5-[(5-nitro-2-thiazolyl)thio]-3H-1,2,4-triazol-3-one",QFRLDZGQEZCCJZ-UHFFFAOYSA-N
GPHR-00219471,5790,27640,ODKNJVUHOIMIIZ-RRKCRQDMSA-N
GPHR-00219476,20279,105014,PTOAARAWEBMLNO-KVQBGUIXSA-N
GPHR-00219480,60749,Gemcitabine hydrochloride,OKKDEIYWILRZIA-OSZBKLCCSA-N
GPHR-00219481,5746,26980,NWIBSHFKIJFRCO-WUDYKRTCSA-N
GPHR-00219483,36462,141540,VJJPUSNTGOMMGY-MRVIYFEKSA-N
GPHR-00219484,452548,122819,NRUKOCRGYNPUPR-QBPJDGROSA-N
GPHR-00219486,148124,628503,ZDZOTLJHXYCWBA-VCVYQWHSSA-N
GPHR-00219491,45055483,Vinorelbine tartrate,CILBMBUYJCWATM-LNLXBTRNSA-N
GPHR-00219494,9444,Azacitidine,NMUSYJAQQFHJEW-KVTDHHQDSA-N
GPHR-00219497,5311,Vorinostat,WAEXFXRVDQXREF-UHFFFAOYSA-N
GPHR-00219500,119182,Clofarabine,WDDPHFBMKLOVOX-AYQXTPAHSA-N
GPHR-00219502,387447,Bortezomib,GXJABQQUPOEUTA-RDJZCZTQSA-N
GPHR-00219504,5329102,Sunitinib (free base),WINHZLLDWRZWRT-ATVHPVEESA-N
GPHR-00219506,406563,Sorafenib tosylate,IVDHYUQIDRJSTI-UHFFFAOYSA-N
GPHR-00219507,443939,Doxorubicin hydrochloride,MWWSFMDVAYGXBV-RUELKSSGSA-N
GPHR-00219510,163659,Plicamycin,CFCUWKMKBJTWLW-BKHRDMLASA-N
GPHR-00219512,249332,Vincristine sulfate,AQTQHPDCURKLKT-JKDPCDLQSA-N
GPHR-00219513,36314,Paclitaxel,RCINICONZNJXQF-MZXODVADSA-N
GPHR-00219514,454216,Valrubicin,ZOCKGBMQLCSHFP-KQRAQHLDSA-N
GPHR-00219515,644241,Nilotinib,HHZIURLSWUIHRB-UHFFFAOYSA-N
GPHR-00219517,6445540,Ixabepilone,FABUFPQFXZVHFB-PVYNADRNSA-N
GPHR-00219665,275363,NSC122131,LIADJWREMDHKHQ-UHFFFAOYSA-N
GPHR-00219700,5467316,NSC650438,SIHZWGODIRRSRA-ARJAWSKDSA-N
GPHR-00219707,220284,NSC2805,DSVRCBOSZSZMRX-UHFFFAOYSA-N
GPHR-00219860,72725,NSC94945,RDJXPXHQENRCNG-UHFFFAOYSA-N
GPHR-00219904,100520,NSC311727,SPNKLYOUOJJHBK-UHFFFAOYSA-N
GPHR-00219929,288321,"1,4-Pentadien-3-one, 1,5-di-3-pyridyl-",UWILVEPRHIRCJK-UHFFFAOYSA-N
GPHR-00219930,6078562,"4H-1,3-Thiazine, 5,6-dihydro-4,4-dimethyl-2-(2-phenylethenyl)-",JNTQZYJXSXRQBP-CMDGGOBGSA-N
GPHR-00219993,5377203,NSC636948,HYAJIHDALOHMPT-FOWTUZBSSA-N
GPHR-00220008,5351425,"2-Propenenitrile, 3-[3-(dimethylamino)phenyl]-2-phenyl-",JDZSJXYNKBVSLD-LFIBNONCSA-N
GPHR-00220144,72512,AT 181,BKRMCDAOAQWNTG-UHFFFAOYSA-N
GPHR-00220162,261413,NSC93427,UZXDPDNFVGMTNW-UHFFFAOYSA-N
GPHR-00220170,6284052,NSC98938,RNDFIDUOVAGOQF-DCIPZJNNSA-N
GPHR-00220195,277385,NSC126224,LKLMASCOTOBEMT-UHFFFAOYSA-N
GPHR-00220213,135452472,NSC305329,RCQLCKGWGZYBOL-UHFFFAOYSA-N
GPHR-00220220,93572,1-(2-Thiazoylazo)-2-naphthol,IOMXCGDXEUDZAK-UHFFFAOYSA-N
GPHR-00220232,292556,"4(1H)-Quinazolinone, 2-(2,5-dimethylphenyl)-2,3-dihydro-",YJPGBNWVIDVAHH-UHFFFAOYSA-N
GPHR-00220255,42640,"Benzofurazan, 4-(4-methyl-1-piperazinyl)-7-nitro-, 3-oxide",MWFZDJLPWDCQIL-UHFFFAOYSA-N
GPHR-00220265,313619,NSC228155,ICCFXXDUYSPKOL-UHFFFAOYSA-N
GPHR-00220288,100640,"Acridine, 9-phenoxy-",MFCLDPQGJMEEBE-UHFFFAOYSA-N
GPHR-00220300,339983,NSC369066,QPWJAIUKYMKWGA-UHFFFAOYSA-N
GPHR-00220314,345174,NSC402590,JXDXGMHMDHIKCO-UHFFFAOYSA-N
GPHR-00220325,369538,"1H-Benzo[a]carbazole-1,4(11H)-dione, 8-methoxy-",LETGFRZUYFTHIV-UHFFFAOYSA-N
GPHR-00220326,369539,"1H-Benzo[a]carbazole-1,4(11H)-dione, 8-methoxy-11- methyl-",NJELFFLROCNKMT-UHFFFAOYSA-N
GPHR-00220328,371271,"11H-Benzo[a]carbazole-1,4-dione, 7,11-dimethyl-",HYPOPXGVJOVIPH-UHFFFAOYSA-N
GPHR-00220331,376328,"2-acetyl-1,2-dihydroellipticine",CNBKZUVGEAKGEQ-UHFFFAOYSA-N
GPHR-00220333,378581,"1H-Benzo(a)carbazole-1,4-dione, 8,11-dimethyl-",XDWNNOGYJWNAAV-UHFFFAOYSA-N
GPHR-00220336,388636,"Pyrimidine-2,4(1H,3H)-dione, 6-[(4-chlorophenyl)azo]-",VTVWKVYGAZNCRN-UHFFFAOYSA-N
GPHR-00220360,67277,Celcot RM,YZJSKRBKHCLMQC-UHFFFAOYSA-N
GPHR-00220374,67275,C.I. 37526,XZOACPDZZYNJER-UHFFFAOYSA-N
GPHR-00220383,5860626,NSC26113,RKERNVBCOIOPFR-QPJJXVBHSA-N
GPHR-00220384,230812,NSC26112,GLCNSQWOANYMNW-UHFFFAOYSA-N
GPHR-00220391,5773323,NSC33353,MLKVGBZASWPPOU-RMKNXTFCSA-N
GPHR-00220399,7083,NSC36758,GEDVVYWLPUPJJZ-UHFFFAOYSA-N
GPHR-00220414,13116,Porfiromycin,HRHKSTOGXBBQCB-VFWICMBZSA-N
GPHR-00220426,256444,"Phenol, 3,5-dichloro-4-[(4-nitrophenyl)azo]-",ZTXWNIBRQUVRQR-UHFFFAOYSA-N
GPHR-00220431,135455579,Prodigiosin,SHUNBVWMKSXXOM-UNOMPAQXSA-N
GPHR-00220432,3246331,NSC90737,VZXTYHSPZZIJRW-UHFFFAOYSA-N
GPHR-00220433,678138,NSC90749,UWGKOXLKMHPSTG-UHFFFAOYSA-N
GPHR-00220446,265940,NSC102742,NYOUWELKHWCYQM-UHFFFAOYSA-N
GPHR-00220450,3580213,THIOSANGIVAMYCIN,XZOKDXWQSCIKCM-UHFFFAOYSA-N
GPHR-00220452,269665,NSC111118,GUUHSHAWOOMFMF-UHFFFAOYSA-N
GPHR-00220492,5383615,NSC177407,BRODSJBKQDYMJU-UHFFFAOYSA-N
GPHR-00220535,77955,C.I. 37555,QIHKTBRNOLQDGQ-UHFFFAOYSA-N
GPHR-00220563,272568,NSC117028,CMIBCLNTDXWVDH-UHFFFAOYSA-N
GPHR-00220594,364404,"1-Piperidinecarboxylic acid, 4-oxo-3,5-bis(phenyl- methylene)-, ethyl ester",DJIOYGAIBLADNB-UHFFFAOYSA-N
GPHR-00220596,365208,"1,4-Benzenediamine,N-phenyl-N -(2,2,6,6-tetramethyl-4-piperidinyl)-",NQIGBASDJIFWRK-UHFFFAOYSA-N
GPHR-00220598,367432,NSC637153,AFYSUDAWCPZFEQ-UHFFFAOYSA-N
GPHR-00220615,322247,"2-Butenoic acid, 3-[(1,3-dihydroxy-2-naphthalenyl)thio]-, ethyl ester, (Z)-",ZWPCTBYNLWBREY-UHFFFAOYSA-N
GPHR-00220617,322919,NSC281383,ULJXJASKIKRWKU-UHFFFAOYSA-N
GPHR-00220621,323616,NSC285233,KKSCCSVQHNQDBX-UHFFFAOYSA-N
GPHR-00220623,327045,Pinafide,GBOQUHPYCRYKGV-UHFFFAOYSA-N
GPHR-00220644,335168,NSC343550,MZYMILHVEGGJOR-UHFFFAOYSA-N
GPHR-00220646,100678,"Carbamic acid, (5-amino-3-phenyl-2H-pyrido[4,3-b]-1,4-oxazin-7-yl)-, ethyl ester",QRMBOSPEQFQJFS-UHFFFAOYSA-N
GPHR-00220660,360474,"1,2,4-Dithiazol-3-amine, 5-[(2-furanyl)methylimino]- N,N-dimethyl-, monohydrobromide",VVZWMEHUXGPOIY-UHFFFAOYSA-N
GPHR-00220664,224644,(2-(4-chlorophenyl)quinolin-4-yl)(piperidin-2-yl)methanol,VKLJPGAHSLIQKH-UHFFFAOYSA-N
GPHR-00220691,321836,NSC275971,AMNADWIXFLTXEV-UHFFFAOYSA-N
GPHR-00220695,328144,Piperidin-2-yl{2-(trifluoromethyl)-6-[4-(trifluoromethyl)phenyl]pyridin-4-yl}methanol,OCVRKDMRZFCUEE-UHFFFAOYSA-N
GPHR-00220705,330267,"11H-Indolo[3,2-c]quinolin-9-amine, 3-chloro-N,N-diethyl-8-methoxy-",LLEAEDYSPVHUEP-UHFFFAOYSA-N
GPHR-00220720,122737,DX-52-1,YGWHMSNGVVTUIT-UHFFFAOYSA-N
GPHR-00220721,360560,NSC622689,GYHPIJXFPKXVPT-UHFFFAOYSA-N
GPHR-00220725,382634,"2,2 -Spirobi[2H-benz[f]indene]-5,5 -dione, 1,1 ,3,3 ,5,5 ,6,6 ,7,7 ,8,8 -dodecahydro-",AKPUCJQSLKCIIJ-UHFFFAOYSA-N
GPHR-00220746,282697,DIBENZOYLFURAN DERIV,VYYTXYSWNCYNIT-UHFFFAOYSA-N
GPHR-00220773,309281,NSC211490,DLTJNJHNAJBVMS-UHFFFAOYSA-N
GPHR-00220794,5917777,NSC340852,JQJPIQDBZBRUTN-WYMLVPIESA-N
GPHR-00220795,3246719,9-Glycineamido-20(S)-camptothecin.HCl,LYLOFHMTQZERLJ-FTBISJDPSA-N
GPHR-00220798,5298,Streptonigrin,PVYJZLYGTZKPJE-UHFFFAOYSA-N
GPHR-00220799,18834,NSC-54384,HKZHTIOXLTVSKR-UHFFFAOYSA-N
GPHR-00220804,280859,"Ethanesulfonic acid, compd. with 4,6-diamino-1-[3-chloro-4-(3-phenoxypropoxy)phenyl]-1,2-dihydro-2,2-dimethyl-s-triazine (1:1)",FRSSRWCJBPVFBD-UHFFFAOYSA-N
GPHR-00220805,5236119,NSC202386,YUOOWNPVFAMPNZ-UHFFFAOYSA-N
GPHR-00220807,5288818,7-OMEN,LWYJUZBXGAFFLP-OCNCTQISSA-N
GPHR-00220810,53277,CHAETOCHROMIN,RHNVLFNWDGWACV-UHFFFAOYSA-N
GPHR-00220867,7251185,Parthenolide,KTEXNACQROZXEV-PVLRGYAZSA-N
GPHR-00220868,308371,A 31438,WWWXDCNRNMZGEN-UHFFFAOYSA-N
GPHR-00220869,24197375,EHNA HCl,VVDXNJRUNJMYOZ-VZXYPILPSA-N
GPHR-00220870,65366,Baccatin III,OVMSOCFBDVBLFW-VHLOTGQHSA-N
GPHR-00220871,336327,Medicarpin,NSRJSISNDPOJOP-BBRMVZONSA-N
GPHR-00220872,5281319,CUE,NDYMQXYDSVBNLL-MUYMLXPFSA-N
GPHR-00220875,5357909,CRASSIN,GQTPRLWQZDUWKJ-SWZPTJTJSA-N
GPHR-00220876,40586,"NANAOMYCIN",ZCJHPTKRISJQTN-UHFFFAOYSA-N
GPHR-00220877,327277,DAPHNETIN DIACETATE,PXWILQNNCIKVND-UHFFFAOYSA-N
GPHR-00220878,6437358,RHIZOXIN,OWPCHSCAPHNHAV-QIPOKPRISA-N
GPHR-00220879,338659,SEQUITERPENE LACTONE 326,JPWMRQZYTCWJHW-UHFFFAOYSA-N
GPHR-00220880,122651,DIDEMNIN B,KYHUYMLIVQFXRI-SJPGYWQQSA-N
GPHR-00220882,442241,Fastigilin B,DLISCHVYLYGCNV-HJDABSCOSA-N
GPHR-00220883,321248,PHOTOBARBATUSIN I,KJZXTHWPZAGWHW-SZVYZWPRSA-N
GPHR-00220886,68827,Qinghaosu,BLUAFEHZUWYNDE-NNWCWBAJSA-N
GPHR-00220889,5360807,X 537A,BBMULGJBVDDDNI-OWKLGTHSSA-N
GPHR-00220891,6434468,Cytochalasin H,"NAEWXXDGBKTIMN-PQOXNSRFSA-N"
GPHR-00220892,333793,TRIPTOLIDE ANALOG,ABKTWBMMVOBXFC-USNCVGSQSA-N
GPHR-00220894,5477635,B705008K112,MJQUEDHRCUIRLF-KOWVOJLTSA-N
GPHR-00220898,197204,QUADRONE,BBIDMUQZCCGABN-UHFFFAOYSA-N
GPHR-00220899,334044,12-O-Palmitoyl-16-hydroxyphorbol-13-acetate,DYHBGVHTKOPQDM-SGPTVBMASA-N
GPHR-00220902,16130049,SIOMYCIN A,AKFVOKPQHFBYCA-UHFFFAOYSA-N
GPHR-00220903,36284,4-IPOMEANOL,RJYQLMILDVERHH-UHFFFAOYSA-N
GPHR-00220904,72341,Marckine,JRVWIILYWSBUMC-PRUVNFMMSA-N
GPHR-00220905,11101249,VERMICULINE,CFDVIOQSLRJWSU-OFBGZIBBSA-N
GPHR-00220906,54607189,GELDANAMYCIN ANALOG,XYFFWTYOFPSZRM-FFFKWXGKSA-N
GPHR-00220907,431000,PHYSALIN B,HVTFEHJSUSPQBK-UHFFFAOYSA-N
GPHR-00220908,54676871,BACTOBOLIN,RBCHRRIVFAIGFI-RGBMRXMBSA-N
GPHR-00220910,3197,Levomycin,AUJXLBOHYWTPFV-UHFFFAOYSA-N
GPHR-00220911,247955,B181008,XOKJUSAYZUAMGJ-UHFFFAOYSA-N
GPHR-00220912,344199,DR-15977,QVMDIQLUNODCTG-OCCSQVGLSA-N
GPHR-00220914,5288382,Geldanamycin,QTQAWLPCGQOSGP-KSRBKZBZSA-N
GPHR-00220915,34230,Nigericin,DANUORFCFTYTSZ-SJSJOXFOSA-N
GPHR-00220916,54681516,Tetrocarcin A,QJHKLHNBQRGOCT-QRKDYCPOSA-N
GPHR-00220919,246845,NSC-60387,YFEPHJVWLFGWKH-CQSZACIVSA-N
GPHR-00220924,23205,PF 56,ZVLOPMNVFLSSAA-XEPQRQSNSA-N
GPHR-00220930,442288,Parthenin,LLQCRTZROWMVOL-JISBIHODSA-N
GPHR-00220935,12314793,Chrysanthin,JJMLQAVFDJXJAL-VQHVLOKHSA-N
GPHR-00220943,636723,Lunatin,DGZZHABEBFUFSC-UHFFFAOYSA-N
GPHR-00221039,394347,RH 1,JKDLOGLNPDVUCX-UHFFFAOYSA-N
GPHR-00221069,3711067,"Benzo[f]quinazoline-7,10-dione, 1-amino-7,10-dihydro-8-methoxy-",DIQVRTKHSPGCNE-UHFFFAOYSA-N
GPHR-00221098,286701,"4(1H)-Quinazolinone, 2,3-dihydro-2-(1-naphthalenyl)-",XKEIBCWTOUEGSH-UHFFFAOYSA-N
GPHR-00221101,296105,"2-CYANO-6-METHOXY-1(2H)-QUINOLINECARBOTHIOIC ACID, S-ETHYL ESTER",RRBZCSKOQKCQJF-UHFFFAOYSA-N
GPHR-00221107,320696,BL 5731,PXEBOIUZEXXBGH-GTJZFRISSA-N
GPHR-00221110,16218569,NSC605756,DTRLDKDFCPUGCA-UHFFFAOYSA-N
GPHR-00221126,5351433,NSC687667,RVHBOFDLRWNNMW-DTQAZKPQSA-N
GPHR-00221128,394449,2-Nitro-5-p-toluenesulfonylfuran,GAUHIPWCDXOLCZ-UHFFFAOYSA-N
GPHR-00221141,20806,WG 696,HNEGCRMUYSKRRR-IKIFYQGPSA-N
GPHR-00221143,434381,MARGETINE,YYDLFVZOIDOGSO-UHFFFAOYSA-N
GPHR-00221155,374005,ANTINEOPLASTIC-651079,NPSQJYCWTMTMAH-UHFFFAOYSA-N
GPHR-00221158,348175,NSC407335,PRIOYEZNDKYFSU-UHFFFAOYSA-N
GPHR-00221171,135409147,"Naphthalene-1,4-dione, 2-chloro-5,8-dihydroxy- 3-(2-methoxyethoxy)-",QJOZREARNBJXFO-UHFFFAOYSA-N
GPHR-00221172,378957,"Pyrazolo[3,4-d][1]benzazepin-5-one, 1,4,5,6-tetrahydro-3-methyl-1-phenyl-",HDYUIMHCGQNIMV-UHFFFAOYSA-N
GPHR-00221176,5153,B 90912,OBZJZDHRXBKKTJ-UHFFFAOYSA-N
GPHR-00221185,300573,"4(1H)-Quinazolinone, 6-chloro-2,3-dihydro-2-(1-naphthalenyl)-",ZGIFEPWYKKDPTK-UHFFFAOYSA-N
GPHR-00221188,72376,Narciclasine,LZAZURSABQIKGB-AEKGRLRDSA-N
GPHR-00221192,494271,9-DEAZAADENOSINE,KEHFJRVBOUROMM-KBHCAIDQSA-N
GPHR-00221237,6375554,"4-Piperidinone, 1-(1-oxo-2-propenyl)-3,5-bis(phenyl- methylene)-",FYXRGLSUYBQDPY-LRVMPXQBSA-N
GPHR-00221256,5351221,AME,YRMCBQLZVBXOSJ-PCFSSPOYSA-N
GPHR-00221264,345501,Anthricin,ZGLXUQQMLLIKAN-SVIJTADQSA-N
GPHR-00221296,5351434,NSC687849,UANWMDUDDVNHJV-JYFOCSDGSA-N
GPHR-00221303,46151,N-BENZOYL-DEACETYLCOLCHICINE,XTSSXTWGEJTWBM-FQEVSTJZSA-N
GPHR-00221326,25842,Tributylchlorolead,OCQHDJVUUKFOFH-UHFFFAOYSA-M
GPHR-00221353,6917792,Bisantrene hydrochloride,KINULKKPVJYRON-PVNXHVEDSA-N
GPHR-00221354,100158,CYANOCYCLINE A,KDWXMIJUXUSUMZ-UHFFFAOYSA-N
GPHR-00221361,9562720,"1,3,2-Thiazastannolidine, 2,2-dibutyl-3-[(4-methylphenyl)sulfonyl]-",AYROPZMDMVUBTL-UHFFFAOYSA-M
GPHR-00221386,368696,ANTINEOPLASTIC-639828,LRPFTPYFADHGQJ-UHFFFAOYSA-N
GPHR-00221408,384217,"2-Pyrrolidinecarboxlic acid, 1-[.alpha.-(4-methoxyphenyl)-.alpha.- (3,4,5-trimethoxyphenyl)methyl]-5-oxo-, methyl ester",QAKWKFBDSZKEDA-UHFFFAOYSA-N
GPHR-00221415,6436218,PHYLLANTHOSIDE,VOTNXJVGRXZYOA-XFJWYURVSA-N
GPHR-00221494,20055294,COC1CC(OC2CCC3(C=O)C4CCC5(C)C(CCC5(O)C4CCC3(O)C2)C2=CC(=O)OC2)OC(C)C1OC1OC(CO)C(O)C(O)C1O,FHIREUBIEIPPMC-SADZTDHOSA-N
GPHR-00221567,299664,3-DESMETHYLCOLCHICINE,JRRUSQGIRBEMRN-HNNXBMFYSA-N
GPHR-00221573,463108,ANTINEOPLASTIC-637578,VZJMIYLTPATHJF-UHFFFAOYSA-N
GPHR-00221582,4369270,Echujetin,XZTUSOXSLKTKJQ-CESUGQOBSA-N
GPHR-00221584,92129,NCI-1074,JGGWNGRBXJWAOC-HKJPBSJPSA-N
GPHR-00221588,420763,DESMETHOXY-B-PELTATIN-A METHYL ETHER,XPWTYDWZZDAXDF-UHFFFAOYSA-N
GPHR-00221592,32465,Arnebin,BATBOVZTQBLKIL-UHFFFAOYSA-N
GPHR-00221598,131182,9-AMINO-20-CAMPTOTHECIN,FUXVKZWTXQUGMW-UHFFFAOYSA-N
GPHR-00221662,5281828,MAYTANSINE,WKPWGQKGSOKKOO-RSFHAFMBSA-N
GPHR-00222905,44431824,R15619/74/1,WTBQHGKQMCKGNX-UHFFFAOYSA-N
GPHR-00222940,135435015,AN100368-077A1,BSHCILRNXWKQAL-UHFFFAOYSA-N
GPHR-00222941,136068093,RW100084-040A1,ICEJPUIRDWMBNZ-BTJKTKAUSA-N
GPHR-00222950,6539599,VB100064-178A3,FUQAHBLEGDXXKS-UHFFFAOYSA-N
GPHR-00222961,56604034,MS208738-058A1,YESZPTXRITXXAP-LMOVPXPDSA-N
GPHR-00222994,11957417,U20723/56/1,UHCHLTQBLNUYRT-GFCCVEGCSA-N
GPHR-00222995,25263118,U20814/197/10,YWNUJKWNTHEOIR-GFCCVEGCSA-N
GPHR-00222996,25263119,U20814/199/10,CVLJBLIMHPEZJC-GFCCVEGCSA-N
GPHR-00222998,25263124,U21976/12/1,FCJBLTLQBCHRIE-QGZVFWFLSA-N
GPHR-00222999,16051023,U21179/159/1,GILNGUYOGYOZMP-MRXNPFEDSA-N
GPHR-00223000,25263120,U22436/41/1,JVAPIYLPNKDKAQ-KGLIPLIRSA-N
GPHR-00223001,25263092,U22436/143/1,WRWFZZDBIJLBIJ-UHFFFAOYSA-N
GPHR-00223015,25218600,U23441/128/1,LZOWLPPKVLNYEG-UHFFFAOYSA-N
GPHR-00223032,5329829,U17983/20/3,SNRUTMWCDZHKKM-UHFFFAOYSA-N
GPHR-00223039,57394599,T278/6/1,GCMIPJOZVCEMOU-UHFFFAOYSA-N
GPHR-00223046,57396351,T261/62/3,HKPBZPKKYDOKSE-UHFFFAOYSA-N
GPHR-00223047,17755137,T261/64/2,LSYSLIJSKJGOJX-UHFFFAOYSA-N
GPHR-00223101,11163861,U16419/146/1,XSJMSGALWUODPK-UHFFFAOYSA-N
GPHR-00223102,6539369,U18020/87/1,WIIIHAKKVLVGJX-UHFFFAOYSA-N
GPHR-00223105,6539361,U18020/75/1,GBNWWXHUOVAUHT-UHFFFAOYSA-N
GPHR-00223142,25210971,N3343-60-3,KKPGTCOUMOPLRX-UHFFFAOYSA-N
GPHR-00223164,135435007,U6501/194/1,PXJOCPODSAQBED-UHFFFAOYSA-N
GPHR-00223169,135421141,U11667/23/1,GULJQUMNCSFQCO-UHFFFAOYSA-N
GPHR-00223175,15872400,JB27026-104B1,QESOEGOVASIYOF-UHFFFAOYSA-N
GPHR-00223184,18536613,JB27193-099B1,ILMZGRFZRBXPAP-UHFFFAOYSA-N
GPHR-00223197,5164,JB-19127-269D,VSPFURGQAYMVAN-UHFFFAOYSA-N
GPHR-00223214,10308522,U19339/96/3,CWRTWFWDDAJOMG-UHFFFAOYSA-N
GPHR-00223215,10173796,U20497/6/2,ZOTNSCLLJKXGSD-UHFFFAOYSA-N
GPHR-00223216,10215776,U20497/10/4,DQKZVZRKPRQVEU-UHFFFAOYSA-N
GPHR-00223218,6539364,U16419/190/2,UODXTGBFBIFREQ-UHFFFAOYSA-N
GPHR-00223239,44571452,U16950/26/1,WVBOSBMDZYIKPK-UHFFFAOYSA-N
GPHR-00223322,6456015,Sunitinib Malate (Sutent),LBWFXVZLPYTWQI-IPOVEDGCSA-N
GPHR-00224208,11485656,Linifanib (ABT-869),MPVGZUGXCQEXTM-UHFFFAOYSA-N
GPHR-00224212,11977753,BEZ235 (NVP-BEZ235),JOGKUKXHTYWRGZ-UHFFFAOYSA-N
GPHR-00224214,10184653,Afatinib (BIBW2992),ULXXDDBFHOBEHA-CWDCEQMOSA-N
GPHR-00224215,5328940,Bosutinib (SKI-606),UBPYILGKFZZVDX-UHFFFAOYSA-N
GPHR-00224216,9933475,Cediranib (AZD2171),XXJWYDDUDKYVKI-UHFFFAOYSA-N
GPHR-00224217,156414,CI-1033 (Canertinib),OMZCMEYTWSXEPZ-UHFFFAOYSA-N
GPHR-00224224,11525740,Pazopanib HCl,MQHIQUBXFFAOMK-UHFFFAOYSA-N
GPHR-00224226,9884685,PI-103,TUVCWJQQGGETHL-UHFFFAOYSA-N
GPHR-00224228,216239,Sorafenib (Nexavar),MLDQJTXFUGDVEO-UHFFFAOYSA-N
GPHR-00224237,17755052,GDC-0941,LHNIIDJUOCFXAP-UHFFFAOYSA-N
GPHR-00224238,11626560,Crizotinib (PF-02341066),KTEIFNKAUNYNJU-GFCCVEGCSA-N
GPHR-00224239,11647372,ZSTK474,HGVNLRPZOWWDKD-UHFFFAOYSA-N
GPHR-00224241,11246488,PD153035 HCl,ZJOKWAWPAPMNIM-UHFFFAOYSA-N
GPHR-00224256,42642645,"Foretinib (GSK1363089, XL880)",CXQHYVUVSFXTMY-UHFFFAOYSA-N
GPHR-00224264,135398495,AT9283,LOLPPWBBNUVNQZ-UHFFFAOYSA-N
GPHR-00224266,3025986,SNS-032 (BMS-387032),OUSFTKFNBAZUKL-UHFFFAOYSA-N
GPHR-00224276,44607531,WZ8040,KIISCIGBPUVZBF-UHFFFAOYSA-N
GPHR-00224277,16041424,ENMD-2076,BLQYVHBZHAISJM-CMDGGOBGSA-N
GPHR-00224279,10275789,PIK-75,QTHCAAFKVUWAFI-DJKKODMXSA-N
GPHR-00224282,16736978,Ku-0063794,RFSMUFRPPYDYRD-CALCHBBNSA-N
GPHR-00224284,5330790,JNJ-7706621,KDKUVYLMPJIGKA-UHFFFAOYSA-N
GPHR-00224287,44219749,WYE-354,IMXHGCRIEAKIBU-UHFFFAOYSA-N
GPHR-00224292,23582824,GSK1059615,QDITZBLZQQZVEE-YBEGLDIGSA-N
GPHR-00224294,23696523,Rigosertib (ON-01910),VLQLUZFVFXYXQE-USRGLUTNSA-M
GPHR-00224295,6445562,Pelitinib (EKB-569),WVUNYSQLFKLYNI-AATRIKPKSA-N
GPHR-00224303,9888590,HMN-214,OCKHRKSTDPOHEN-BQYQJAHWSA-N
GPHR-00224305,46191454,PHA-793887,HUXYBQXJVXOMKX-UHFFFAOYSA-N
GPHR-00224312,11338033,AT7519,OVPNQJVDAFNBDN-UHFFFAOYSA-N
GPHR-00224314,135421442,Hesperadin,HYHIYZMIFPJROG-UHFFFAOYSA-N
GPHR-00224317,11152667,AZD7762,IAYGCINLNONXHY-LBPRGKRZSA-N
GPHR-00224319,25262965,AZD8055,KVLFRAWTRWDEDF-IRXDYDNUSA-N
GPHR-00224322,11175137,AT7867,LZMOSYUFVYJEPY-UHFFFAOYSA-N
GPHR-00224329,57339395,NVP-BSK805 2HCl,NUOCAPALWRHKCU-UHFFFAOYSA-N
GPHR-00224330,25066467,DCC-2036 (Rebastinib),WVXNSAVVKYZVOE-UHFFFAOYSA-N
GPHR-00224337,53235510,BGJ398 (NVP-BGJ398),QADPYRIHXKWUSV-UHFFFAOYSA-N
GPHR-00224338,46213929,LY2784544,SQSZANZGUXWJEA-UHFFFAOYSA-N
GPHR-00224340,15983966,GSK461364,ZHJGWYRLJUCMRT-QGZVFWFLSA-N
GPHR-00224344,16747388,NVP-BHG712,ZCCPLJOKGAACRT-UHFFFAOYSA-N
GPHR-00224348,25099184,AZ 960,SUNXHXDJOIXABJ-NSHDSACASA-N
GPHR-00224350,135565635,PP242,MFAQYJIYDMLAIM-UHFFFAOYSA-N
GPHR-00224354,16124208,TAK-901,WKDACQVEJIVHMZ-UHFFFAOYSA-N
GPHR-00224355,16722832,TG101209,JVDOKQYTTYUYDV-UHFFFAOYSA-N
GPHR-00224357,25167777,GSK2126458,CGBJSGAELGCMKE-UHFFFAOYSA-N
GPHR-00224361,10461508,BI6727 (Volasertib),SXNJFOWDRLKDSF-XKHVUIRMSA-N
GPHR-00224365,16747683,AZD5438,WJRRGYBTGDJBFX-UHFFFAOYSA-N
GPHR-00224367,24905142,PP-121,NVRXTLZYXZNATH-UHFFFAOYSA-N
GPHR-00224369,16654980,BKM120 (NVP-BKM120),CWHUFRVAEUJCEF-UHFFFAOYSA-N
GPHR-00224370,24748573,cx-4945 (Silmitasertib),MUOKSQABCJCOPU-UHFFFAOYSA-N
GPHR-00224372,44516953,PF-05212384 (PKI-587),DWZAEMINVBZMHQ-UHFFFAOYSA-N
GPHR-00224375,11671467,R788 (Fostamatinib),GKDRMWXFWHEQQT-UHFFFAOYSA-N
GPHR-00224377,11314340,A-674563,BPNUQXPIQBZCMR-IBGZPJMESA-N
GPHR-00224381,135399748,CHIR-124,MOVBBVMDHIRCTG-LJQANCHMSA-N
GPHR-00224382,16118986,PF-00562271,LKLWTLXTOVZFAE-UHFFFAOYSA-N
GPHR-00224383,25229526,WAY-600,FPEIJQLXFHKLJV-UHFFFAOYSA-N
GPHR-00224384,25260757,WYE-125132,QLHHRYZMBGPBJG-UHFFFAOYSA-N
GPHR-00224391,11955855,LY2603618 (IC-83),SYYBDNPGDKKJDU-ZDUSSCGKSA-N
GPHR-00224395,23635314,KX2-391,HUNGUWOZPQBXGX-UHFFFAOYSA-N
GPHR-00224396,25182616,GSK1838705A,HZTYDQRUAWIZRE-UHFFFAOYSA-N
GPHR-00224397,46885626,GSK1070916,QTBWCSQGBMPECM-UHFFFAOYSA-N
GPHR-00224398,44187953,PKI-402,ZAXFYGBKZSQBIV-UHFFFAOYSA-N
GPHR-00224399,16722836,TG101348 (SAR302503),JOOXLOJCABQBSG-UHFFFAOYSA-N
GPHR-00224400,25254071,GDC-0980 (RG7422),YOVVNQKCSKSHKT-HNNXBMFYSA-N
GPHR-00224401,51346455,PF-03814735,RYYNGWLOYLRZLK-RBUKOAKNSA-N
GPHR-00224404,9910986,Flavopiridol hydrochloride,LGMSNQNWOCSPIK-LWHGMNCYSA-N
GPHR-00224406,11511120,"Dacomitinib (PF299804, PF-00299804)",LVXJQMNHJWSHET-AATRIKPKSA-N
GPHR-00224407,45375953,INK 128 (MLN0128),GYLDXIAOMVERTK-UHFFFAOYSA-N
GPHR-00224408,46926350,Dinaciclib (SCH727965),PIMQWRZWLQKKBJ-SFHVURJKSA-N
GPHR-00224410,10366136,Crenolanib (CP-868596),DYNHJHQFHQTFTP-UHFFFAOYSA-N
GPHR-00224411,25033539,PF-04691502,XDLYKKIQACFMJG-UHFFFAOYSA-N
GPHR-00224414,16718576,PHA-848125,RXZMYLDMFYNEIM-UHFFFAOYSA-N
GPHR-00224416,25154041,CCT137690,GFLQCBTXTRCREJ-UHFFFAOYSA-N
GPHR-00224419,9956222,YM201636,YBPIBGNBHHGLEB-UHFFFAOYSA-N
GPHR-00224422,11494412,ARQ 197 (Tivantinib),UCEQXRCJXIVODC-PMACEKPBSA-N
GPHR-00224431,25262792,AZD2014,JUSFANSTBFGBAF-IRXDYDNUSA-N
GPHR-00224435,11210478,WP1066,VFUAJMPDXIRPKO-LQELWAHVSA-N
GPHR-00224440,51358113,Torin 2,GUXXEUUYCAYESJ-UHFFFAOYSA-N
GPHR-00224443,9934347,NVP-TAE226,UYJNQQDJUOUFQJ-UHFFFAOYSA-N
GPHR-00224446,11715767,PHA-767491,DKXHSOUZPMHNIZ-UHFFFAOYSA-N
GPHR-00224447,49836027,Torin 1,AKCRNFFTGXBONI-UHFFFAOYSA-N
GPHR-00224449,44259,Staurosporine,HKSZLNNOFSGOKW-FYTWVXJKSA-N
GPHR-00311918,2724350,O.S=C1N=CNc2nc[nH]c12,WFFQYWAAEWLHJC-UHFFFAOYSA-N
GPHR-00311927,42890,[Cl-].CC1OC(CC(N)C1O)O[C@H]2C[C@@](O)(Cc3c(O)c4C(=O)c5ccccc5C(=O)c4c(O)c23)C(C)=O.[H+],XDXDZDZNSLXDNA-TZNDIEGXSA-N
GPHR-00311946,54680693,CN(C)c1ccc2c(ccc(C=Cc3cc(C)n(c3C)c4ccccc4)[n+]2C)c1.CN(C)c5ccc6c(ccc(C=Cc7cc(C)n(c7C)c8ccccc8)[n+]6C)c5.Oc9c(Cc%10c(O)c(cc%11ccccc%10%11)C([O-])=O)c%12ccccc%12cc9C([O-])=O,OOPDAHSJBRZRPH-UHFFFAOYSA-L
GPHR-00311948,53393742,[Cl-].C[n+]1c2cc(N)ccc2cc3ccc(N)cc13.Nc4ccc5cc6ccc(N)cc6nc5c4,VWXAJKFSYJFBIW-UHFFFAOYSA-N
GPHR-00311959,10866,[Br-].CCCCCCCCCCCC[N+](C)(C)CCOc1ccccc1,OJIYIVCMRYCWSE-UHFFFAOYSA-M
GPHR-00311992,253602,COc1ccc(C[C@@H]2NC[C@@H](O)[C@@H]2OC(C)=O)cc1,YKJYKKNCCRKFSL-RDBSUJKOSA-N
GPHR-00312058,16211806,[Br-].CCCCCCCCCCCCCCCC[n+]1ccccc1,HVWZDJSNXREVCK-UHFFFAOYSA-M
GPHR-00312205,23663976,CC(C)n1c2ccccc2c(c3ccc(F)cc3)c1\C=C\[C@@H](O)C[C@H](O)CC(O)=O,ZGGHKIMDNBDHJB-NRFPMOEYSA-M
GPHR-00312210,6185,C[C@]12CC[C@H]3[C@@H](CC[C@]4(O)C[C@@H](O)CC[C@]34C=O)[C@@]1(O)CC[C@@H]2C5=CC(=O)OC5,ODJLBQGVINUMMR-HZXDTFASSA-N
GPHR-00312620,5284613,CC1OC(O[C@H]2CC[C@]3(C)[C@H]4CC[C@]5(C)[C@H](CC[C@]5(O)[C@@H]4CCC3=C2)C6=COC(=O)C=C6)C(O)C(O)C1O,MYEJFUXQJGHEQK-ALRJYLEOSA-N
GPHR-00312701,19700,[NH4+].[NH4+].CCN(Cc1cccc(c1)[S]([O-])(=O)=O)c2ccc(cc2)[C+](c3ccc(cc3)N(CC)Cc4cccc(c4)[S]([O-])(=O)=O)c5ccccc5[S]([O-])(=O)=O,SGHZXLIDFTYFHQ-UHFFFAOYSA-L
